序号,链接,节点数
0,http://113.76.149.58:8090/clash/proxies,0
1,http://113.76.150.111:8090/clash/proxies,0
2,http://113.76.151.82:8090/clash/proxies,0
3,http://114.223.43.233:5900/clash/proxies,0
4,http://114.224.221.215:5900/clash/proxies,0
5,http://114.225.236.52:5900/clash/proxies,0
6,http://115.209.230.122:8008/clash/proxies,0
7,http://115.226.229.189:8008/clash/proxies,0
8,http://115.226.242.78:8008/clash/proxies,0
9,http://115.226.253.55:8008/clash/proxies,0
10,http://121.235.126.189:5900/clash/proxies,0
11,http://121.37.17.197:8090/clash/proxies,0
12,http://122.233.34.71:12580/clash/proxies,0
13,http://122.233.35.74:12580/clash/proxies,0
14,http://122.241.61.232:8008/clash/proxies,0
15,http://123.114.30.2:1234/clash/proxies,0
16,http://123.114.31.113:1234/clash/proxies,0
17,http://123.57.192.169:7777/clash/proxies,0
18,http://125.121.235.222:12580/clash/proxies,0
19,http://125.121.36.186:12580/clash/proxies,0
20,http://125.67.248.132:880/clash/proxies,0
21,http://125.67.248.39:880/clash/proxies,0
22,http://125.67.248.5:880/clash/proxies,0
23,http://125.67.249.10:880/clash/proxies,0
24,http://125.67.249.242:880/clash/proxies,0
25,http://125.67.249.93:880/clash/proxies,0
26,http://128.204.223.71:28080/clash/proxies,0
27,http://129.154.53.41:8080/clash/proxies,0
28,http://138.2.112.136:12580/clash/proxies,0
29,http://139.28.232.96:12580/clash/proxies,1
30,http://140.238.31.152:12580/clash/proxies,121
31,http://141.147.161.50:12580/clash/proxies,439
32,http://150.230.195.209:12580/clash/proxies,427
33,http://152.67.235.12:12580/clash/proxies,0
34,http://154.44.24.88/clash/proxies,0
35,http://154.44.24.88:8888/clash/proxies,0
36,http://155.248.172.106:12580/clash/proxies,546
37,http://158.180.234.237:12580/clash/proxies,27
38,http://158.247.231.244:12580/clash/proxies,0
39,http://158.247.231.244:12581/clash/proxies,0
40,http://165.154.105.225:12580/clash/proxies,1280
41,http://165.154.23.194:12580/clash/proxies,0
42,http://168.138.189.245:12580/clash/proxies,7
43,http://168.138.213.241:12580/clash/proxies,1
44,http://175.0.80.181:12580/clash/proxies,0
45,http://175.178.182.178:12580/clash/proxies,426
46,http://176.126.114.231:12580/clash/proxies,7
47,http://182.129.223.109:8002/clash/proxies,0
48,http://182.129.223.116:8002/clash/proxies,0
49,http://182.129.223.121:8002/clash/proxies,0
50,http://182.129.223.124:8002/clash/proxies,0
51,http://182.129.223.127:8002/clash/proxies,0
52,http://182.129.223.134:8002/clash/proxies,0
53,http://182.129.223.141:8002/clash/proxies,0
54,http://182.129.223.144:8002/clash/proxies,0
55,http://182.129.223.146:8002/clash/proxies,0
56,http://182.129.223.150:8002/clash/proxies,0
57,http://182.129.223.152:8002/clash/proxies,0
58,http://182.129.223.154:8002/clash/proxies,0
59,http://182.129.223.164:8002/clash/proxies,0
60,http://182.129.223.172:8002/clash/proxies,0
61,http://182.129.223.173:8002/clash/proxies,0
62,http://182.129.223.178:8002/clash/proxies,0
63,http://182.129.223.205:8002/clash/proxies,0
64,http://182.129.223.209:8002/clash/proxies,0
65,http://182.129.223.20:8002/clash/proxies,0
66,http://182.129.223.211:8002/clash/proxies,0
67,http://182.129.223.22:8002/clash/proxies,0
68,http://182.129.223.242:8002/clash/proxies,0
69,http://182.129.223.249:8002/clash/proxies,0
70,http://182.129.223.27:8002/clash/proxies,0
71,http://182.129.223.3:8002/clash/proxies,0
72,http://182.129.223.54:8002/clash/proxies,0
73,http://182.129.223.61:8002/clash/proxies,0
74,http://182.129.223.6:8002/clash/proxies,0
75,http://182.129.223.82:8002/clash/proxies,0
76,http://182.135.216.133:880/clash/proxies,0
77,http://182.135.217.149:880/clash/proxies,0
78,http://182.135.217.192:880/clash/proxies,0
79,http://182.141.50.100:8002/clash/proxies,0
80,http://182.141.50.104:8002/clash/proxies,0
81,http://182.141.50.11:8002/clash/proxies,0
82,http://182.141.50.122:8002/clash/proxies,0
83,http://182.141.50.146:8002/clash/proxies,0
84,http://182.141.50.182:8002/clash/proxies,0
85,http://182.141.50.184:8002/clash/proxies,0
86,http://182.141.50.188:8002/clash/proxies,0
87,http://182.141.50.221:8002/clash/proxies,0
88,http://182.141.50.244:8002/clash/proxies,0
89,http://182.141.50.24:8002/clash/proxies,0
90,http://182.141.50.255:8002/clash/proxies,0
91,http://182.141.50.4:8002/clash/proxies,0
92,http://182.141.50.50:8002/clash/proxies,0
93,http://182.141.50.64:8002/clash/proxies,0
94,http://182.141.51.108:8002/clash/proxies,0
95,http://182.141.51.109:8002/clash/proxies,0
96,http://182.141.51.160:8002/clash/proxies,0
97,http://182.141.51.169:8002/clash/proxies,0
98,http://182.141.51.173:8002/clash/proxies,0
99,http://182.141.51.188:8002/clash/proxies,0
100,http://182.141.51.196:8002/clash/proxies,0
101,http://182.141.51.198:8002/clash/proxies,0
102,http://182.141.51.212:8002/clash/proxies,0
103,http://182.141.51.223:8002/clash/proxies,0
104,http://182.141.51.236:8002/clash/proxies,0
105,http://182.141.51.238:8002/clash/proxies,0
106,http://182.141.51.61:8002/clash/proxies,0
107,http://182.141.51.62:8002/clash/proxies,0
108,http://182.141.51.70:8002/clash/proxies,0
109,http://182.141.51.8:8002/clash/proxies,0
110,http://183.151.161.220:8008/clash/proxies,0
111,http://183.158.78.17:12580/clash/proxies,0
112,http://183.33.56.21:8089/clash/proxies,0
113,http://183.33.57.15:8089/clash/proxies,0
114,http://183.33.59.92:8089/clash/proxies,0
115,http://194.32.144.180:8080/clash/proxies,131
116,http://221.14.237.62:3003/clash/proxies,0
117,http://222.136.215.177:3003/clash/proxies,0
118,http://222.142.122.83:3003/clash/proxies,0
119,http://222.208.72.104:8002/clash/proxies,0
120,http://222.208.72.109:8002/clash/proxies,0
121,http://222.208.72.110:8002/clash/proxies,0
122,http://222.208.72.112:8002/clash/proxies,0
123,http://222.208.72.113:8002/clash/proxies,0
124,http://222.208.72.121:8002/clash/proxies,0
125,http://222.208.72.122:8002/clash/proxies,0
126,http://222.208.72.12:8002/clash/proxies,0
127,http://222.208.72.138:8002/clash/proxies,0
128,http://222.208.72.14:8002/clash/proxies,0
129,http://222.208.72.168:8002/clash/proxies,0
130,http://222.208.72.172:8002/clash/proxies,0
131,http://222.208.72.184:8002/clash/proxies,0
132,http://222.208.72.18:8002/clash/proxies,0
133,http://222.208.72.192:8002/clash/proxies,0
134,http://222.208.72.202:8002/clash/proxies,0
135,http://222.208.72.203:8002/clash/proxies,0
136,http://222.208.72.204:8002/clash/proxies,0
137,http://222.208.72.207:8002/clash/proxies,0
138,http://222.208.72.209:8002/clash/proxies,0
139,http://222.208.72.212:8002/clash/proxies,0
140,http://222.208.72.220:8002/clash/proxies,0
141,http://222.208.72.222:8002/clash/proxies,0
142,http://222.208.72.230:8002/clash/proxies,0
143,http://222.208.72.28:8002/clash/proxies,0
144,http://222.208.72.35:8002/clash/proxies,0
145,http://222.208.72.36:8002/clash/proxies,0
146,http://222.208.72.40:8002/clash/proxies,0
147,http://222.208.72.4:8002/clash/proxies,0
148,http://222.208.72.53:8002/clash/proxies,0
149,http://222.208.72.56:8002/clash/proxies,0
150,http://222.208.72.6:8002/clash/proxies,0
151,http://222.208.72.77:8002/clash/proxies,0
152,http://222.208.72.91:8002/clash/proxies,0
153,http://222.208.72.95:8002/clash/proxies,0
154,http://23.94.43.248:12581/clash/proxies,1669
155,http://43.154.34.7/clash/proxies,0
156,http://43.207.145.186:8080/clash/proxies,920
157,http://60.184.103.190:8008/clash/proxies,0
158,http://60.27.20.206:12580/clash/proxies,0
159,http://61.188.84.129:8002/clash/proxies,0
160,http://61.188.84.139:8002/clash/proxies,0
161,http://61.188.84.155:8002/clash/proxies,0
162,http://61.188.84.15:8002/clash/proxies,0
163,http://61.188.84.162:8002/clash/proxies,0
164,http://61.188.84.163:8002/clash/proxies,0
165,http://61.188.84.217:8002/clash/proxies,0
166,http://61.188.84.225:8002/clash/proxies,0
167,http://61.188.84.232:8002/clash/proxies,0
168,http://61.188.84.251:8002/clash/proxies,0
169,http://61.188.84.33:8002/clash/proxies,0
170,http://61.188.84.45:8002/clash/proxies,0
171,http://61.188.84.56:8002/clash/proxies,0
172,http://61.188.84.5:8002/clash/proxies,0
173,http://61.188.84.65:8002/clash/proxies,0
174,http://61.188.84.84:8002/clash/proxies,0
175,http://61.188.84.8:8002/clash/proxies,0
176,http://61.188.84.9:8002/clash/proxies,0
177,http://61.188.85.108:8002/clash/proxies,0
178,http://61.188.85.116:8002/clash/proxies,0
179,http://61.188.85.131:8002/clash/proxies,0
180,http://61.188.85.143:8002/clash/proxies,0
181,http://61.188.85.150:8002/clash/proxies,0
182,http://61.188.85.156:8002/clash/proxies,0
183,http://61.188.85.167:8002/clash/proxies,0
184,http://61.188.85.20:8002/clash/proxies,0
185,http://61.188.85.223:8002/clash/proxies,0
186,http://61.188.85.232:8002/clash/proxies,0
187,http://61.188.85.23:8002/clash/proxies,0
188,http://61.188.85.241:8002/clash/proxies,0
189,http://61.188.85.253:8002/clash/proxies,0
190,http://61.188.85.26:8002/clash/proxies,0
191,http://61.188.85.35:8002/clash/proxies,0
192,http://61.188.85.36:8002/clash/proxies,0
193,http://61.188.85.44:8002/clash/proxies,0
194,http://61.188.85.88:8002/clash/proxies,0
195,http://61.188.85.94:8002/clash/proxies,0
196,http://61.188.85.9:8002/clash/proxies,0
197,http://64.110.96.169:8580/clash/proxies,10
198,http://66.42.50.118:12580/clash/proxies,142
199,http://67.198.228.238:12580/clash/proxies,947
200,http://91.185.189.19:28080/clash/proxies,0
201,http://beetle.lander.work/clash/proxies,0
202,http://carterzheng.synology.me:8008/clash/proxies,0
203,http://clash.huiwg.cn/clash/proxies,1280
204,http://clashe.eu.org/clash/proxies,27
205,http://dls.frpfrp.xyz/clash/proxies,0
206,http://dmnjpan.x3322.net:8090/clash/proxies,0
207,http://hk.dstds.top/clash/proxies,0
208,http://json.cloud94.cn:12123/clash/proxies,0
209,http://kiwi2.cgweb.top/clash/proxies,0
210,http://pc.dhfkwitr.online/clash/proxies,2022
211,http://pl.85la.com/clash/proxies,0
212,http://proxy.cgtall.com/clash/proxies,0
213,http://proxypoolabc.andyc.eu.org/clash/proxies,97
214,http://rot.9o9.top:880/clash/proxies,1
215,http://sub.networkline.top/clash/proxies,0
216,http://vps.mireya.eu.org/clash/proxies,0
217,http://www.fanxing.life/clash/proxies,0
218,https://120.192.28.180:12581/clash/proxies,0
219,https://129.150.40.188/clash/proxies,0
220,https://139.28.232.96/clash/proxies,0
221,https://168.138.189.245/clash/proxies,0
222,https://222.129.32.168:9041/clash/proxies,0
223,https://222.129.34.27:9041/clash/proxies,0
224,https://222.129.35.192:9041/clash/proxies,0
225,https://222.129.37.136:9041/clash/proxies,0
226,https://222.129.39.82:9041/clash/proxies,0
227,https://5.34.207.217/clash/proxies,0
228,https://50.114.40.51/clash/proxies,0
229,https://50.114.40.53/clash/proxies,0
230,https://50.114.40.54/clash/proxies,0
231,https://50.114.40.55/clash/proxies,0
232,https://50.114.40.56/clash/proxies,0
233,https://50.114.40.57/clash/proxies,0
234,https://50.114.40.59/clash/proxies,0
235,https://58.56.82.238:12581/clash/proxies,0
236,https://clash.huiwg.cn/clash/proxies,1280
237,https://clash.quain.top/clash/proxies,0
238,https://clashe.eu.org/clash/proxies,27
239,https://dls.frpfrp.xyz/clash/proxies,0
240,https://free.iam8.shop/clash/proxies,0
241,https://free.kingfu.top/clash/proxies,0
242,https://hk.dstds.top/clash/proxies,0
243,https://kr521.dynv6.net:9041/clash/proxies,180
244,https://node.vpnkk.org/clash/proxies,1109
245,https://pc.dhfkwitr.online/clash/proxies,2022
246,https://pl.85la.com/clash/proxies,0
247,https://pp.jfan.eu.org:12581/clash/proxies,104
248,https://proxiescheap.com,902
249,https://proxy.cgtall.com/clash/proxies,0
250,https://proxy.crazygeeky.com/clash/proxies,168
251,https://proxypool.link/clash/proxies,467
252,https://proxypoolabc.andyc.eu.org/clash/proxies,97
253,https://pxypool.131433.xyz/clash/proxies,0
254,https://rvorch.treze.cc/clash/proxies,0
255,https://sub.networkline.top/clash/proxies,0
256,https://vps.mireya.eu.org/clash/proxies,0
257,https://wuyu.rr.nu/clash/proxies,0
258,https://www.fanxing.life/clash/proxies,0
259,https://www.quain.top/clash/proxies,0
260,https://www.wuyu.rr.nu/clash/proxies,0
261,https://xqz0.vip/clash/proxies,0

总计,,2398
